video_id,channel,title,published_at,view_count
aTPHDH0Vt7w,Aperture,The Death of Free Will,2026-08-16T16:00:22Z,114957
j5y6Igw4lXY,Unsolicited advice,"The Freewill Delusion | Freedom, Determinism, and Compatibilism",2024-01-25T16:00:32Z,133161
rohgVwQ57uM,Big Think,Does free will violate the laws of physics? | Sean Carroll,2022-11-04T13:00:37Z,161155
2CKBo0hJ0ts,Unsolicited advice,How to Live a Meaningless Life | Albert Camus and Absurdism,2026-04-28T17:01:14Z,266106
ZDPtXEXBEiI,Wisecrack,Existentialism: Are We Missing The Point?,2023-07-07T17:00:21Z,131842
VYyxc1mmnrI,Sisyphus 55,What Is Existentialism?,2020-09-20T12:30:01Z,169575
rEzs5edrxdU,Sanctus,Objective Morality exists and here's how,2025-11-09T17:26:28Z,48045
DLCUn6h7qRo,Jeffrey Kaplan,Semester Ethics Course condensed into 22mins (Part 1 of 2),2022-06-09T16:25:30Z,383169
V-j1uKrN-aU,Jeffrey Kaplan,Immanuel Kant's Moral Theory - a summary with examples,2020-01-24T15:46:59Z,680907
WVlpXUqmRQQ,Daily Stoic,25 Brutally Honest Stoic Reminders From Marcus Aurelius,2025-07-03T20:48:07Z,240818
ggkd_uyDqz8,Jared Henderson,Stoicism: An In-Depth Explanation,2024-06-07T17:48:48Z,1702191
smpHE7AiGAo,Philosophies for Life,5 Stoic Ways of Dealing With Difficult People - Marcus Aurelius (Stoicism),2020-12-16T02:15:02Z,958810
av1Fj2Ar3h0,Quinn's Ideas,The Terrible Truth About Consciousness,2026-07-01T22:00:39Z,330570
CdjHRA7fV10,Closer To Truth,Roger Penrose - What is Consciousness?,2024-01-06T16:00:07Z,376571
ot4z1UrPvZY,Philosophy Overdose,Consciousness as a Problem in Philosophy & Neurobiology (John Searle),2022-07-27T00:41:00Z,115070
